id,name,slug
1,Belkin Prods.,belkin-prods,
2,Mid-South Concerts,mid-south-concerts,
3,Avalon Attractions.,avalon-attractions,
4,Avalon,avalon,
5,Bill Graham Presents,bill-graham-presents,
6,Concert Prods.,concert-prods,
7,~ Ray Shepardson,ray-shepardson,
8,That’s,thats,
9,"Jerry Bentley Prods,",jerry-bentley-prods,
10,Salem Concerts,salem-concerts,
11,Brass Ring Prods.,brass-ring-prods,
12,Avalon Attractions,avalon-attractions,
13,Satem Concerts,satem-concerts,
14,Feyline Presents,feyline-presents,
15,Rock N’ Chair Prods.,rock-n-chair-prods,
16,Electric Factory,electric-factory,
17,Mare Corwin,mare-corwin,
18,Blue Suede Shows.,blue-suede-shows,
19,Jam Prods.,jam-prods,
20,Sunshine Promotions,sunshine-promotions,
21,Fowler Promotions,fowler-promotions,
22,United Concerts.,united-concerts,
23,Keith Fowler,keith-fowler,
24,Alan Carr,alan-carr,
25,Mederlander,mederlander,
26,Keith,keith,
27,Jack Roberts Prods.,jack-roberts-prods,
28,Fantasma Prods.,fantasma-prods,
29,Feyline,feyline,
30,Ray Shepardson Presents,ray-shepardson-presents,
31,United,united,
32,Radio City Musi¢ Hall,radio-city-music-hall,
33,Mid-South Concerts,mid-south-concerts,
34,AH. Enterprises,ah-enterprises,
35,Avalon,avalon,
36,John Scher Presents,john-scher-presents,
37,Bill Graham Presents,bill-graham-presents,
38,Monarch Entertainment Bureau,monarch-entertainment-bureau,
39,Spectrum Prods.,spectrum-prods,
40,Frank J. Russo,frank-j-russo,
41,John& Associatesfor Pertorming Arts,john-associatesfor-pertorming-arts,
42,Buster Bonoff,buster-bonoff,
43,Stone City Attractions,stone-city-attractions,
44,Contemporary Prods.,contemporary-prods,
45,Avalon Attractions,avalon-attractions,
46,Feyline Presents,feyline-presents,
47,"North American Tours Inc,",north-american-tours-inc,
48,North American Tours Inc.,north-american-tours-inc,
49,Jam Prods.,jam-prods,
50,> Sunshine Promotions,sunshine-promotions,
51,Electric Factory Concerts,electric-factory-concerts,
52,Sunshine Promotions,sunshine-promotions,
53,Holiday Star Theatre,holiday-star-theatre,
54,North Amesican Tours Inc.,north-amesican-tours-inc,
55,John Scher Presents.,john-scher-presents,
56,Pace Concerts,pace-concerts,
57,Johin Scher Presents,johin-scher-presents,
58,Fantasma Prods.,fantasma-prods,
59,Churchill Prods.,churchill-prods,
60,Schon Prods,schon-prods,
61,Embassy Performing Arts Ine.,embassy-performing-arts-ine,
62,Makoul Prods.,makoul-prods,
63,Evening Star Prods,evening-star-prods,
64,DiCesare-Engler Prods.,dicesare-engler-prods,
65,Prods.,prods,
66,Evening Star Prods.,evening-star-prods,
67,Monarch Entertainment Bureau,monarch-entertainment-bureau,
68,Cellar Door Prods.,cellar-door-prods,
69,Riverside Theater,riverside-theater,
70,Student Campus Entertainment,student-campus-entertainment,
71,Jack Roberts,jack-roberts,
72,KSOP Radio,ksop-radio,
73,"C&M Prods,",c-m-prods,
74,Cellar Door Promotions,cellar-door-promotions,
75,Jam Prods,jam-prods,
76,Don Law Co.,don-law-co,
77,Don Law Co,don-law-co,
78,Jam Prods.,jam-prods,
79,Southland Concerts,southland-concerts,
80,Mekoul Prods.,mekoul-prods,
81,Fahn & Silva Presents,fahn-silva-presents,
82,Fantasia Prods.,fantasia-prods,
83,Rainbow Over America,rainbow-over-america,
84,Sunshine Promotions,sunshine-promotions,
85,Cross Country Concerts,cross-country-concerts,
86,Concert Prods. International,concert-prods-international,
87,Pace Concerts,pace-concerts,
88,CW. & Associates,cw-associates,
89,Henry Hilton,henry-hilton,
90,Beaver Prods.,beaver-prods,
91,North American Tours,north-american-tours,
92,Evening Star Prods,evening-star-prods,
93,Ray Shepardson,ray-shepardson,
94,Evening Star Prods.,evening-star-prods,
95,First Class Promotions,first-class-promotions,
96,Bill Graham Presents,bill-graham-presents,
97,Sunshine Promotions.,sunshine-promotions,
98,Frank J. Russo,frank-j-russo,
99,Contemporary Prods.,contemporary-prods,
100,Brass Ring Prods.,brass-ring-prods,
101,Avalon Attractions,avalon-attractions,
102,Concerts West,concerts-west,
103,North American Tours Inc.,north-american-tours-inc,
104,Universal Amphitheater,universal-amphitheater,
105,Front Row Theater,front-row-theater,
106,two sellouts,two-sellouts,
107,North American Tours Inc,north-american-tours-inc,
108,Southland Concerts,southland-concerts,
109,Rainbow Over America,rainbow-over-america,
110,Sunshine Promotions,sunshine-promotions,
111,Holiday Star Theatre,holiday-star-theatre,
112,Concerts,concerts,
113,Cross Country Concerts,cross-country-concerts,
114,Don Law,don-law,
115,Brass Ring Prods,brass-ring-prods,
116,Avalon Altractions,avalon-altractions,
117,Beaver Prods,beaver-prods,
118,Beaver Prods.,beaver-prods,
119,Roseland Ballroom,roseland-ballroom,
120,Donald K. Donald Concert Canadian) International,donald-k-donald-concert-canadian-international,
121,Executive Inn,executive-inn,
122,Concert Prods. Canadian) sellout,concert-prods-canadian-sellout,
123,Carlton West Green Bay,carlton-west-green-bay,
124,The Ritz New York,the-ritz-new-york,
125,Son Prods.,son-prods,
126,Stardate Prods.,stardate-prods,
127,Belkin,belkin,
128,Tours Inc.,tours-inc,
129,Concert Showcase of Florida,concert-showcase-of-florida,
130,Keith Fowler Promotions,keith-fowler-promotions,
131,Nelson Prods.,nelson-prods,
132,Artists Consultants Prods.,artists-consultants-prods,
133,Monarch Entertainment,monarch-entertainment,
134,Harvey & Corky Concert Prods.International Donald K. Donald,harvey-corky-concert-prods-international-donald-k-donald,
135,Keith Fowler Promotions:,keith-fowler-promotions,
136,Tibor Rudas Theatrical,tibor-rudas-theatrical,
137,JMA Entertainment,jma-entertainment,
138,WAQX-FM,waqx-fm,
139,three sellouts,three-sellouts,
140,LB Presentations,lb-presentations,
141,JMA EntertainmentSI,jma-entertainmentsi,
142,Southern Promotions,southern-promotions,
143,Leonard Rowe,leonard-rowe,
144,Beach Club Concerts,beach-club-concerts,
145,Fantasma,fantasma,
146,Jolin Scher Presents,jolin-scher-presents,
147,Bill Graham,bill-graham,
148,Concerts of America,concerts-of-america,
149,Silver Star Prods.,silver-star-prods,
150,In Clover,in-clover,
151,Concert Promotions,concert-promotions,
152,sellout,sellout,
153,Keith Fowler Promotions,keith-fowler-promotions,
154,Ray,ray,
155,Alex Cooley,alex-cooley,
156,Dimensions Unlimited,dimensions-unlimited,
157,Cross Country,cross-country,
158,Al Haymon,al-haymon,
159,Pro Motion Concerts,pro-motion-concerts,
160,Concert Prads. International,concert-prads-international,
161,Donald,donald,
162,Maxxima Prods.,maxxima-prods,
163,Frank J.,frank-j,
164,Ron Delsener,ron-delsener,
165,Nederlander,nederlander,
166,Larry,larry,
167,The Concert Co.,the-concert-co,
168,Bill Graham,bill-graham,
169,Sunshine,sunshine,
170,Brass Ring,brass-ring,
171,BGP,bgp,
172,WNEW-FM,wnew-fm,
173,"St.', 'Pauli Girl Concert Series]",st-pauli-girl-concert-series,
174,St. Pauli Girl Concert,st-pauli-girl-concert,
175,Beach Club,beach-club,
176,Larry Vaughn,larry-vaughn,
177,Alex Cooley,alex-cooley,
178,Alex Cooley Prods.,alex-cooley-prods,
179,Crass Country,crass-country,
180,Cross Country,cross-country,
181,MTV,mtv,
182,Stage Right,stage-right,
183,Elks,elks,
184,Stephen Star,stephen-star,
185,Mark Johnson,mark-johnson,
186,Barry,barry,
187,Evening Star,evening-star,
188,City of Atlanta,city-of-atlanta,
189,Nederlander,nederlander,
190,Vernon Valley Action Park,vernon-valley-action-park,
191,Chesapeake,chesapeake,
192,Fantasma,fantasma,
193,Cellar Door,cellar-door,
194,Universal City Amphitheater,universal-city-amphitheater,
195,The Concert Co.,the-concert-co,
196,Sunshine,sunshine,
197,Brass Ring,brass-ring,
198,Petratied,petratied,
199,Concert Promotions,concert-promotions,
200,Southern,southern,
201,Harvest,harvest,
202,Mid-South,mid-south,
203,Radio City Music Hall Productions,radio-city-music-hall-productions,
204,Festival,festival,
205,Alex Cooley,alex-cooley,
206,Petrafied,petrafied,
207,FAQ Productions Artists,faq-productions-artists,
208,Elks,elks,
209,Fox,fox,
210,Evening Star,evening-star,
211,Frank J.,frank-j,
212,Southern Promotions,southern-promotions,
213,Alpine Valley Music Theater,alpine-valley-music-theater,
214,New,new,
215,Bill Graham,bill-graham,
216,Contemporary Presentations,contemporary-presentations,
217,Sunshine,sunshine,
218,New West,new-west,
219,Alex Cooley,alex-cooley,
220,Dimensions Unlimited,dimensions-unlimited,
221,Chesapeake Concerts,chesapeake-concerts,
222,Southern,southern,
223,Dale Morris & Associates,dale-morris-associates,
224,Contemporary,contemporary,
225,Nederlander,nederlander,
226,Bob Geldof,bob-geldof,
227,Hank LaConte,hank-laconte,
228,Bill Graham,bill-graham,
229,Pace,pace,
230,Sunshine,sunshine,
231,Avaton Attractions,avaton-attractions,
232,Monarch Entertainment,monarch-entertainment,
233,Gulf Artists Prods.,gulf-artists-prods,
234,Alex Cooley Prods.,alex-cooley-prods,
235,Chris,chris,
236,Contemporary,contemporary,
237,John Bauer Concerts,john-bauer-concerts,
238,Glenn,glenn,
239,Sound Seventy,sound-seventy,
240,Concord Pavilion,concord-pavilion,
241,Busch Gadens Williamsburg,busch-gadens-williamsburg,
242,Minnesota State Fair,minnesota-state-fair,
243,American Concerts Inc.,american-concerts-inc,
244,North Amecican Tours Inc.,north-amecican-tours-inc,
245,Glenn Donnelly,glenn-donnelly,
246,New York State Fair,new-york-state-fair,
247,Nederlander Organization,nederlander-organization,
248,Schon,schon,
249,Concert,concert,
250,Promotions,promotions,
251,Evening Star,evening-star,
252,Kaleidoscope Prods.,kaleidoscope-prods,
253,North American,north-american,
254,Tibor Rudas,tibor-rudas,
255,Bill Graham,bill-graham,
256,Concert Promotions,concert-promotions,
257,Maxima,maxima,
258,Keith Fowler Promotions,keith-fowler-promotions,
259,Bill Graham sellout,bill-graham-sellout,
260,Mid-South,mid-south,
261,Perryscope,perryscope,
262,New Era Prods.,new-era-prods,
263,Live Prods.,live-prods,
264,"Sound Seventy Prods,",sound-seventy-prods,
265,Schon,schon,
266,Stone City,stone-city,
267,Monarch Entertainment John Scher Presents,monarch-entertainment-john-scher-presents,
268,Shepardson,shepardson,
269,Monarch John Scher Presents,monarch-john-scher-presents,
270,New England,new-england,
271,Feyiine Presents,feyiine-presents,
272,"Eric Chandler,",eric-chandler,
273,Jam,jam,
274,Nederlander,nederlander,
275,Concord Pavilion,concord-pavilion,
276,Oon Law,oon-law,
277,Cellar Door,cellar-door,
278,Donald K.,donald-k,
279,Bill Graham,bill-graham,
280,Warwick Music Theater,warwick-music-theater,
281,Chicago Theater Prods.,chicago-theater-prods,
282,Sunshine,sunshine,
283,New Mexico State Fair,new-mexico-state-fair,
284,Media One,media-one,
285,Nederlander Organization,nederlander-organization,
286,Eric Ltd.,eric-ltd,
287,Al Haymon,al-haymon,
288,Monarch Entertainment John Scher Presents,monarch-entertainment-john-scher-presents,
289,Jam,jam,
290,North American,north-american,
291,Nederlander,nederlander,
292,Pate & Biue Live Entertainment,pate-biue-live-entertainment,
293,Jam Company,jam-company,
294,Concerts Prods.,concerts-prods,
295,North American Monarch Entertainment Bureau,north-american-monarch-entertainment-bureau,
296,North American Magic City Prods.,north-american-magic-city-prods,
297,Alex Southern Promotions,alex-southern-promotions,
298,Tom Moffatt Prods.,tom-moffatt-prods,
299,In The Country Calhoun Calhoun,in-the-country-calhoun-calhoun,
300,Chicago Jam Concerts,chicago-jam-concerts,
301,Perryscope Concerts,perryscope-concerts,
302,Pate & Blue Live Entertainment,pate-blue-live-entertainment,
303,Concert Prods. Donald K. Donald Prods.,concert-prods-donald-k-donald-prods,
304,H.G.M. Barry Singer,h-g-m-barry-singer,
305,North American Donatd K. Donald,north-american-donatd-k-donald,
306,Creative Concerts,creative-concerts,
307,Silver Star,silver-star,
308,Northeast Concerts,northeast-concerts,
309,Music Futures Presents,music-futures-presents,
310,Michael Campbell Prods.,michael-campbell-prods,
311,West Central Prods.,west-central-prods,
312,Third Coast Prods.,third-coast-prods,
313,GW. Concerts Prods.,gw-concerts-prods,
314,"Larry Vaughn Presents,",larry-vaughn-presents,
315,Beaver,beaver,
316,Dicesare-Engler,dicesare-engler,
317,Eric,eric,
318,Chandler,chandler,
319,West Central,west-central,
320,Avaton sellout,avaton-sellout,
321,Solomonic,solomonic,
322,Varnell Ents.,varnell-ents,
323,Stardate Concerts,stardate-concerts,
324,Dicesare-Engler Presents,dicesare-engler-presents,
325,Varnell Enterprises,varnell-enterprises,
326,Frank Erwin Center,frank-erwin-center,
327,Braden Auditorium,braden-auditorium,
328,Monarch Entertaiment Bureau,monarch-entertaiment-bureau,
329,Michae} Schivo,michae-schivo,
330,Double Tee Prods.,double-tee-prods,
331,Northern Stage Co.,northern-stage-co,
332,Stellar,stellar,
333,Jayson,jayson,
334,Dominsions,dominsions,
335,Varnell Enterprises,varnell-enterprises,
336,Gehl Corp.,gehl-corp,
337,Fowler,fowler,
338,Florida Community Magic Promotions,florida-community-magic-promotions,
339,Festival Ventures,festival-ventures,
340,Little Wing Prods.,little-wing-prods,
341,Fox David Fay,fox-david-fay,
342,Chandler Ltd.,chandler-ltd,
343,Jayson Musicentre Prods.,jayson-musicentre-prods,
344,Cnandler Ltd.,cnandler-ltd,
345,Celiar Door Prods.,celiar-door-prods,
346,Cellar Door sellout,cellar-door-sellout,
347,Eric,eric,
348,Kaleidoscope,kaleidoscope,
349,Celtar Door,celtar-door,
350,Festival Washington Theatre League,festival-washington-theatre-league,
351,Radio City Music Hall Prods.,radio-city-music-hall-prods,
352,Stellar,stellar,
353,Turning Point Preds. (John Ray),turning-point-preds-john-ray,
354,sellout. Fantasma Prods.,sellout-fantasma-prods,
355,Carlton Celebrity Theatre,carlton-celebrity-theatre,
356,American,american,
357,Stardate Concerts,stardate-concerts,
358,Turning Point Prods. (John Ray),turning-point-prods-john-ray,
359,Arch Angel,arch-angel,
360,Cellar Door Concerts,cellar-door-concerts,
361,Richard Nader Entertainment,richard-nader-entertainment,
362,Wiltern Theatre,wiltern-theatre,
363,Jam Prods. Ltd.,jam-prods-ltd,
364,Stellar Gehl Corp.,stellar-gehl-corp,
365,Southern Stage Right Prods.,southern-stage-right-prods,
366,Contemporary Artist Consultants Prods.,contemporary-artist-consultants-prods,
367,The Space Agency,the-space-agency,
368,Fiesta,fiesta,
369,Silver River,silver-river,
370,Mel-Ton Prods.,mel-ton-prods,
371,Hank Hamilton,hank-hamilton,
372,DiCeseare Engler Prods.,diceseare-engler-prods,
373,Dimensions,dimensions,
374,Jayson,jayson,
375,Stellar Entertainment,stellar-entertainment,
376,Arena,arena,
377,sellout John Scher Presents,sellout-john-scher-presents,
378,Stellar Gehl Corp.,stellar-gehl-corp,
379,Varnell Ents.,varnell-ents,
380,Norby Walters,norby-walters,
381,Avalon Concerts West,avalon-concerts-west,
382,Central Alabama Music Park,central-alabama-music-park,
383,Steltar Gehl Corp.,steltar-gehl-corp,
384,Donald K. Donald Prods.,donald-k-donald-prods,
385,Fox Concerts,fox-concerts,
386,Concert In The Country Lanierland Cumming,concert-in-the-country-lanierland-cumming,
387,Paciticoncerts,paciticoncerts,
388,Greg,greg,
389,New Era Nolan Reeves Music,new-era-nolan-reeves-music,
390,Larry Vaughn Presents,larry-vaughn-presents,
391,Jam Prods. Ltd,jam-prods-ltd,
392,Celiar Door,celiar-door,
393,Double Tee,double-tee,
394,Varnel!,varnel,
395,"Varnell Ents,",varnell-ents,
396,Fey Concert Co,fey-concert-co,
397,Radio City Music Hall Prods.,radio-city-music-hall-prods,
398,Ron Delsener Ents.,ron-delsener-ents,
399,CDG Entertainment,cdg-entertainment,
400,Fey Concert,fey-concert,
401,Stageright,stageright,
402,Electric Factory Dr. J. Ents,electric-factory-dr-j-ents,
403,Lewis Grey Attractions Concert,lewis-grey-attractions-concert,
404,Bill Graham Presents Cal,bill-graham-presents-cal,
405,“T ace Concerts,t-ace-concerts,
406,Jam Prods. Company,jam-prods-company,
407,Music Hall,music-hall,
408,Dimensions,dimensions,
409,Law,law,
410,Varnell,varnell,
411,Don taw,don-taw,
412,Jam Prods. Ltd.,jam-prods-ltd,
413,Attractions,attractions,
414,DiCesare-Engler,dicesare-engler,
415,Bassclef Entertainment Concert Prods. International,bassclef-entertainment-concert-prods-international,
416,Fey Concert Co.,fey-concert-co,
417,Varnell Enterprises.,varnell-enterprises,
418,Bassclel Entertainment Concert Prods. International,bassclel-entertainment-concert-prods-international,
419,Ron Delsener Enterprises,ron-delsener-enterprises,
420,Bureau,bureau,
421,G Street Stageright,g-street-stageright,
422,Future Entertainment,future-entertainment,
423,Stone City Frank Erwin Center,stone-city-frank-erwin-center,
424,Brimstone,brimstone,
425,Makou! Prods.,makou-prods,
426,Cafferty's,cafferty-s,
427,Special Moments,special-moments,
428,Northeast Concerts,northeast-concerts,
429,Future Belkin Prods.,future-belkin-prods,
430,"Co,",co,
431,Varnell Enterprises,varnell-enterprises,
432,Avalon sellout,avalon-sellout,
433,Joseph Entertainment,joseph-entertainment,
434,Special Moments Jayson Promotions,special-moments-jayson-promotions,
435,Fey Concert,fey-concert,
436,Richard Misckell Prods.,richard-misckell-prods,
437,Richard Mischell Prods.,richard-mischell-prods,
438,Ordway Music Theatre,ordway-music-theatre,
439,Special Moments Promotions,special-moments-promotions,
440,Paciticoncerts,paciticoncerts,
441,Beaver,beaver,
442,Terry Garland,terry-garland,
443,Bill Silva,bill-silva,
444,Varnel,varnel,
445,Presents,presents,
446,Avaion,avaion,
447,Music Hall Prods.,music-hall-prods,
448,PACE Frank Erwin Center,pace-frank-erwin-center,
449,T White Rose Limited,t-white-rose-limited,
450,Radio City Music Hall Prods,radio-city-music-hall-prods,
451,Chicago Theater,chicago-theater,
452,Star Arena,star-arena,
453,Varnell Enterprises,varnell-enterprises,
454,Garland,garland,
455,Richard Mischell,richard-mischell,
456,Door Prods.,door-prods,
457,Guber-Gross,guber-gross,
458,"Stardate PACE Paso, Texas",stardate-pace-paso-texas,
459,AH.,ah,
460,Concert Internationa,concert-internationa,
461,Concert International,concert-international,
462,Barry Entertainment,barry-entertainment,
463,Bill Presents,bill-presents,
464,Nedertander,nedertander,
465,Entertainment,entertainment,
466,Ron Enterprises,ron-enterprises,
467,Concert International,concert-international,
468,Monarch,monarch,
469,C&C Entertainment,c-c-entertainment,
470,Entertainment,entertainment,
471,Rose Prods.,rose-prods,
472,Fey Concert,fey-concert,
473,Joseph,joseph,
474,The Concert,the-concert,
475,Monarch,monarch,
476,Double Promotions,double-promotions,
477,Stage Right Rose Prods.,stage-right-rose-prods,
478,Music Fair Prods.,music-fair-prods,
479,Avalon MCA Concerts,avalon-mca-concerts,
480,Avaion Attractions,avaion-attractions,
481,Donald K. Prods.,donald-k-prods,
482,Fox David Fey,fox-david-fey,
483,Donald K. Donald,donald-k-donald,
484,Monarch,monarch,
485,Bill Presents,bill-presents,
486,DiCesare-Engler,dicesare-engler,
487,Turning Prods.,turning-prods,
488,"Music Fair Prods,",music-fair-prods,
489,Rockville,rockville,
490,North Tours,north-tours,
491,Evening Prods.,evening-prods,
492,Genesis,genesis,
493,Publicom,publicom,
494,Fox Steve Litman,fox-steve-litman,
495,Music Fair,music-fair,
496,Music Prods.,music-prods,
497,Electric Concerts,electric-concerts,
498,Barnhill Arena,barnhill-arena,
499,Caesars Palace,caesars-palace,
500,Special Promotions,special-promotions,
501,Unlimited,unlimited,
502,Beaver,beaver,
503,PACE Concert,pace-concert,
504,Special Moments,special-moments,
505,Stardate PACE Concerts,stardate-pace-concerts,
506,Varnell Enterprises,varnell-enterprises,
507,Stardate,stardate,
508,Special Promotions:,special-promotions,
509,Presentations,presentations,
510,Universal Amphitheatre,universal-amphitheatre,
511,Stardate,stardate,
512,Northeast,northeast,
513,Special Moments,special-moments,
514,Starstruck,starstruck,
515,Keith Promotions,keith-promotions,
516,Star,star,
517,Special Promotions,special-promotions,
518,Unlimited,unlimited,
519,Music Fair Prods.,music-fair-prods,
520,~,,
521,Avaion Attractions,avaion-attractions,
522,Universal Amphitheatre,universal-amphitheatre,
523,G Street Express,g-street-express,
524,K. Donald,k-donald,
525,Univ. of IHinois-,univ-of-ihinois,
526,Pete Bennett,pete-bennett,
527,Electric Concerts,electric-concerts,
528,Entertainment,entertainment,
529,Al Enterprises,al-enterprises,
530,Avalon WEIR Amphitheatre,avalon-weir-amphitheatre,
531,"Pittsburgh, Pa. Attractions",pittsburgh-pa-attractions,
532,Organization,organization,
533,Donald K. Donald,donald-k-donald,
534,Jayson,jayson,
535,Radio City Music,radio-city-music,
536,Fox Steve Litman,fox-steve-litman,
537,K. Prods.,k-prods,
538,G Street Express,g-street-express,
539,G Street PACE Concerts,g-street-pace-concerts,
540,MCA PACE Concerts,mca-pace-concerts,
541,Entertainment,entertainment,
542,Evening Prods.,evening-prods,
543,Al Enterprises,al-enterprises,
544,Ron Enterprises,ron-enterprises,
545,G Street,g-street,
546,Jam Street Express,jam-street-express,
547,Concert International,concert-international,
548,Ogden Presents,ogden-presents,
549,Wolt Trap Farm = Park,wolt-trap-farm-park,
550,Radio City Music,radio-city-music,
551,Monarch,monarch,
552,Perryscope Prods.,perryscope-prods,
553,AH.,ah,
554,Metropolitan,metropolitan,
555,MCA PACE Concerts,mca-pace-concerts,
556,Entertainment,entertainment,
557,Brandmeier,brandmeier,
558,Varnell Enterprises,varnell-enterprises,
559,Radio City Hall Prods.,radio-city-hall-prods,
560,Radio City Music,radio-city-music,
561,Door Prods.,door-prods,
562,Belkin Future,belkin-future,
563,Music Fair,music-fair,
564,Joseph,joseph,
565,Metropolitan,metropolitan,
566,Fey Concert Co,fey-concert-co,
567,MCA PACE Concerts,mca-pace-concerts,
568,Entertainment,entertainment,
569,Electric Concerts,electric-concerts,
570,Ron Enterprises,ron-enterprises,
571,"Fey Concert Co,",fey-concert-co,
572,Media,media,
573,Bill Presents,bill-presents,
574,OiCesare-Engler,oicesare-engler,
575,Ogden Allied,ogden-allied,
576,Wolf Trap Farm Duly Park,wolf-trap-farm-duly-park,
577,Entertainment,entertainment,
578,Universal Amphitheatre,universal-amphitheatre,
579,Organization,organization,
580,Wolf Trap Farm Park,wolf-trap-farm-park,
581,Parc Presentations,parc-presentations,
582,Music Fair Prods.,music-fair-prods,
583,MCA Concerts,mca-concerts,
584,Bill Presents,bill-presents,
585,BCL sellout,bcl-sellout,
586,Electric Concerts,electric-concerts,
587,BCL Group,bcl-group,
588,Frank J. Rusgo,frank-j-rusgo,
589,MCA Concerts,mca-concerts,
590,Bill Presents,bill-presents,
591,Metropolitan,metropolitan,
592,BCL Group,bcl-group,
593,Greenwood,greenwood,
594,Wolf Trap Farm Park,wolf-trap-farm-park,
595,MCA PACE Concerts,mca-pace-concerts,
596,Jam Avalon Attractions,jam-avalon-attractions,
597,Jalisco Promotions,jalisco-promotions,
598,Peterborough Memonal Centre,peterborough-memonal-centre,
599,Music Fait Prods.,music-fait-prods,
600,AISD Independent,aisd-independent,
601,Dicesare-Engier,dicesare-engier,
602,Musicentre,musicentre,
603,Cloud Prods.,cloud-prods,
604,Sound,sound,
605,Front Row Theatre,front-row-theatre,
606,Arie Kaduri,arie-kaduri,
607,WBT,wbt,
608,Brusco Barr,brusco-barr,
609,Coliseum,coliseum,
610,sellout Unlimited,sellout-unlimited,
611,Belkin Prods.Cellar Door Prods.,belkin-prods-cellar-door-prods,
612,Armenian of our Savior,armenian-of-our-savior,
613,MCA ConcertsPACE ConcertsFey Concert Co.BCL Group,mca-concertspace-concertsfey-concert-co-bcl-group,
614,Ron DelsenerEnterprises,ron-delsenerenterprises,
615,NederlanderOrganization,nederlanderorganization,
616,Tinley Park Corp.,tinley-park-corp,
617,Keith FowlerProds,keith-fowlerprods,
618,Avalon BCL Group,avalon-bcl-group,
619,Beaver Prods.Fey Concert Co.,beaver-prods-fey-concert-co,
620,Global sellout Raul Attie,global-sellout-raul-attie,
621,Cellar Concerts,cellar-concerts,
622,Pro Tours,pro-tours,
623,Pro,pro,
624,PerryscopeConcert Prods.,perryscopeconcert-prods,
625,Gold & Gold,gold-gold,
626,Harvey British sellout Entertainment,harvey-british-sellout-entertainment,
627,Nederlander Org.,nederlander-org,
628,Spartan Aug. Beaver Prods.,spartan-aug-beaver-prods,
629,Ron,ron,
630,Hlectric Concerts,hlectric-concerts,
631,Sony PACE Concerts,sony-pace-concerts,
632,cac,cac,
633,Grandstand California State Fair,grandstand-california-state-fair,
634,BCL Hersheypark Stadium,bcl-hersheypark-stadium,
635,Tinley Park Jam,tinley-park-jam,
636,C&C,c-c,
637,Bauer,bauer,
638,Enterprises,enterprises,
639,E} Bill Graham,e-bill-graham,
640,Ron Deisener,ron-deisener,
641,AMS Organization,ams-organization,
642,Madison Square,madison-square,
643,Sony PACE Concerts,sony-pace-concerts,
644,Gary Van Egmond,gary-van-egmond,
645,C&C,c-c,
646,Concert AS,concert-as,
647,American Concerts,american-concerts,
648,Michael Coppel,michael-coppel,
649,"Balmur Ltd,",balmur-ltd,
650,Gary Van Egmond,gary-van-egmond,
651,Black,black,
652,Future,future,
653,Ron Delsener Ent.,ron-delsener-ent,
654,Don Law Belkin,don-law-belkin,
655,Kennedy Street,kennedy-street,
656,Belkin Cellar Door Prods.,belkin-cellar-door-prods,
657,Avalon Ron Delsener,avalon-ron-delsener,
658,Victoria State,victoria-state,
659,Estrellia,estrellia,
660,Black Touring,black-touring,
661,The BASS Tickets,the-bass-tickets,
662,sellout Venezuela bolivars),sellout-venezuela-bolivars,
663,Fernandez &,fernandez,
664,Ogden Ocesa,ogden-ocesa,
665,Cardenas,cardenas,
666,Bauer,bauer,
667,Enterprises,enterprises,
668,Duet Prods.,duet-prods,
669,Kinnear,kinnear,
670,Ogden two Ocesa,ogden-two-ocesa,
671,Bauer,bauer,
672,Cellar,cellar,
673,sellout Show & Rodeo,sellout-show-rodeo,
674,Show & Rodeo,show-rodeo,
675,Houston Livestock,houston-livestock,
676,Houston,houston,
677,Ba Avalon Attractions,ba-avalon-attractions,
678,Houston Livestock,houston-livestock,
679,Bill Silva Presents,bill-silva-presents,
680,Cellar sellout Concerts,cellar-sellout-concerts,
681,Canada,canada,
682,Ron,ron,
683,Cellar seflout Concerts,cellar-seflout-concerts,
684,Cellar seltout Concerts Taxton,cellar-seltout-concerts-taxton,
685,selfout Organization,selfout-organization,
686,Star Plaza Theatre,star-plaza-theatre,
687,Tea Party,tea-party,
688,KXKL Radio (KOOL,kxkl-radio-kool,
689,Beaver sellout Concert,beaver-sellout-concert,
